"Producto_ID","Nombre"
43364,"12Granos Multigra TwinPack"
48227,"12Granos Multigra TwinPack"
714,"7 Granos"
43160,"7 Granos"
48228,"7 Granos"
35631,"ActiFresh Menta "
35632,"ActiFresh Yerbabuena "
30378,"Agua Ciel Jamaica "
30379,"Agua Ciel Jamaica "
49735,"Agua Ciel Jamaica "
30380,"Agua Ciel Limon "
30381,"Agua Ciel Limon "
49736,"Agua Ciel Limon "
30383,"Agua Ciel Natural "
30773,"Agua Ciel Natural "
49734,"Agua Ciel Natural "
32997,"Agua Ciel Toronja "
33074,"Agua Ciel Toronja "
7884,"Almendras "
35979,"Almohada del Osito Bimbo BIM "
40639,"Ami Manzana "
40641,"Ami Naranja "
40640,"Ami Uva "
3402,"Animalitos "
43257,"Animalitos "
3518,"Animalitos Karamelo "
43261,"Animalitos Karamelo "
46178,"Animalitos Karamelo "
36598,"Animalitos Karamelo Hierro "
36599,"Animalitos Karamelo Hierro "
44495,"Animalitos Karamelo Hierro "
36596,"Animalitos Karamelo MG "
1647,"Animalitos KC "
36913,"Apapacho "
47955,"Aparas Panettone "
37610,"Atun en Aceite "
37612,"Atun en Aceite "
37611,"Atun en Agua "
37613,"Atun en Agua "
35499,"Bagel Thins Natural "
31710,"Bagels Regular "
108,"Baguette Precocida Cong "
4947,"Baguette Precocida Cong "
37356,"Balcon Galletones "
2059,"Banderilla Congelada "
34937,"Bar Cereal y Fruta Sab Mango "
30461,"Barra Arroz con Fruta Seca DIF "
34936,"Barra Cereal y Fruta Sab Mzn "
36269,"Barra CerealFruta sabor Fsa "
34259,"Barra Coco GV "
31699,"Barra Doble Fibra "
31744,"Barra Doble Fibra "
30397,"Barra Mora Azul GH "
3919,"Barra Multigrano Linaza "
5277,"Barra Multigrano Linaza "
30830,"Barra Multigrano Linaza "
30831,"Barra Multigrano Linaza "
30832,"Barra Multigrano Linaza "
31445,"Barra Multigrano Linaza "
43023,"Barra Multigrano Linaza "
43062,"Barra Multigrano Linaza "
46190,"Barra Multigrano Linaza "
46230,"Barra Multigrano Linaza "
48965,"Barra Multigrano Linaza "
31231,"Barra Multigrano Mix "
31232,"Barra Multigrano Mix "
30784,"Barra Multigrano Nuez "
30815,"Barra Multigrano Nuez "
31320,"Barra Multigrano Nuez "
42351,"Barra Multigrano Nuez "
42434,"Barra Multigrano Nuez "
42436,"Barra Multigrano Nuez "
42437,"Barra Multigrano Nuez "
42538,"Barra Multigrano Nuez "
43305,"Barra Multigrano Nuez "
43377,"Barra Multigrano Nuez "
46298,"Barra Multigrano Nuez "
46299,"Barra Multigrano Nuez "
30751,"Barra Nutriavena Fresa "
30785,"Barra Nutriavena Fresa "
31149,"Barra Nutriavena Fresa "
31150,"Barra Nutriavena Fresa "
30700,"Barra Oroweat "
34885,"Barra Silueta "
34577,"Barra Silueta Fresa "
35150,"Barra Uva Pasa Arandano Fres "
35644,"Barras Bimbo Mix "
30916,"Barri Frut Fresa "
30917,"Barri Frut Fresa "
31971,"Barri Frut Fresa "
33366,"Barri Frut Fresa "
35445,"Barri Frut Fresa "
36255,"Barri Pop "
36258,"Barri Pop "
36259,"Barri Pop "
36453,"Barri Pop "
36456,"Barri Pop "
36457,"Barri Pop "
47123,"Barrita Fresa Cong "
2060,"Barrita Pina Congelada "
2604,"Barrita Precocida "
34973,"Barritas Bisabor "
36941,"Barritas Bisabor "
44180,"Barritas Bisabor "
44989,"Barritas Bisabor "
3305,"Barritas Fresa "
9197,"Barritas Fresa "
30571,"Barritas Fresa "
30572,"Barritas Fresa "
30573,"Barritas Fresa "
34943,"Barritas Fresa "
35303,"Barritas Fresa "
35304,"Barritas Fresa "
35305,"Barritas Fresa "
35306,"Barritas Fresa "
36875,"Barritas Fresa "
43253,"Barritas Fresa "
45305,"Barritas Fresa "
46171,"Barritas Fresa "
34077,"Barritas Fresa Escolar "
34078,"Barritas Fresa Escolar "
5715,"Barritas Fresa Kc "
30236,"Barritas Fresa KC "
35976,"Barritas Fresa KC "
36576,"Barritas Fresa MG "
2320,"Barritas Fresa Salvado "
30568,"Barritas Fresa Salvado "
30569,"Barritas Fresa Salvado "
30570,"Barritas Fresa Salvado "
34945,"Barritas Fresa Salvado "
42049,"Barritas Fresa Salvado "
43119,"Barritas Fresa Salvado "
43317,"Barritas Fresa Salvado "
35439,"Barritas Fresa Salvado KC "
36691,"Barritas Fresa Salvado MG "
36175,"Barritas FresaPina Cj Exhib "
3303,"Barritas Pina "
30574,"Barritas Pina "
30575,"Barritas Pina "
30576,"Barritas Pina "
34944,"Barritas Pina "
35307,"Barritas Pina "
35308,"Barritas Pina "
35309,"Barritas Pina "
35310,"Barritas Pina "
36876,"Barritas Pina "
43252,"Barritas Pina "
45306,"Barritas Pina "
46170,"Barritas Pina "
34080,"Barritas Pina Escolar "
34081,"Barritas Pina Escolar "
5716,"Barritas Pina Kc "
30235,"Barritas Pina KC "
35977,"Barritas Pina KC "
36577,"Barritas Pina MG "
35832,"Barritas Pina Salvado "
35833,"Barritas Pina Salvado "
36057,"Barritas Pina Salvado "
36058,"Barritas Pina Salvado "
5948,"Base Plativolos Chocolate "
35072,"Besos de Nuez "
35249,"Besos de Nuez "
36498,"Besos de Nuez "
37210,"Besos de Nuez "
48029,"Besos de Nuez "
40987,"Besos de Nuez Cons"
33643,"Besos Nuez "
33648,"Besos Nuez "
35766,"Besos Surtido "
31687,"Big Muffin Choc con Chispas Choc "
31684,"Big Muffin Chocolate "
31689,"Big Muffin Vainilla "
31688,"Big Muffin Vainilla Chispas Choc "
31686,"Big Muffin Vanilla con Arandano "
4221,"Bigotes Cajeta "
4220,"Bigotes Chocolate "
31717,"Bigotes Chocolate "
32303,"Bigotes Chocolate "
32304,"Bigotes Chocolate "
34044,"Bigotes Chocolate "
43120,"Bigotes Chocolate "
36910,"Bigotes Crema Pastelera "
36911,"Bigotes Crema Pastelera "
1160,"Bimbollos "
1164,"Bimbollos "
3678,"Bimbollos "
34204,"Bimbollos "
35293,"Bimbollos "
36562,"Bimbollos "
43190,"Bimbollos "
43192,"Bimbollos "
46114,"Bimbollos "
46115,"Bimbollos "
48126,"Bimbollos "
1554,"Bimbollos con Ajn "
34793,"Bimbollos con Ajn "
43212,"Bimbollos con Ajn "
46136,"Bimbollos con Ajn "
41,"Bimbollos Ext sAjonjoli "
34850,"Bimbollos Ext sAjonjoli "
43128,"Bimbollos Ext sAjonjoli "
1169,"Bimbollos Extra "
30706,"Bimbollos Extra "
32092,"Bimbollos Extra "
33054,"Bimbollos Extra "
34264,"Bimbollos Extra "
35294,"Bimbollos Extra "
41921,"Bimbollos Extra "
43005,"Bimbollos Extra "
43193,"Bimbollos Extra "
46116,"Bimbollos Extra "
35301,"Bimbollos Extra FS "
35563,"Bimbollos Extra FS "
47612,"Bimbollos Extra FS "
48136,"Bimbollos Extra FS "
34205,"Bimbollos FS "
42791,"Bimbollos FS "
47611,"Bimbollos FS "
48135,"Bimbollos FS "
48138,"Bimbollos FS "
31880,"Bimbollos Parrilleros "
35830,"Bimbollos Parrilleros "
42215,"Bimbollos Parrilleros "
44285,"Bimbollos Parrilleros "
47332,"Bimbollos Parrilleros "
48557,"Bimbollos Parrilleros "
43383,"Bimbollos Suajados "
4944,"Bimbolunch "
43060,"Bimbolunch "
46226,"Bimbolunch "
1309,"Bimbunuelos "
31283,"Bimbunuelos "
31284,"Bimbunuelos "
34915,"Bimbunuelos "
34916,"Bimbunuelos "
35214,"Bimbunuelos "
43209,"Bimbunuelos "
46293,"Bimbunuelos "
30946,"Bimbunuelos con Canela "
32301,"Bimbunuelos con Canela "
6507,"Bimkingo Clasico "
6667,"Bimkingo Clasico "
49835,"Bimkingo Clasico Prom "
7340,"Bimkingo Clasico Refrig "
35895,"Bimkingo Deli "
35896,"Bimkingo Deli "
4053,"Bimkingo Jalapeno "
4733,"Bimkingo Jalapeno "
6566,"Bimkingo Jalapeno "
122,"Biscotel Receta Original "
48127,"Biscotel Receta Original "
36920,"Bisquet "
36921,"Bisquet "
30859,"Bisquet con Salvado "
37037,"Bisquet Muestreo "
34782,"Blister StarGum Fresa "
34783,"Blister StarGum Menta Intensa "
34781,"Blister StarGum Yerbabuena Intens "
915,"Bolillo Congelado "
33198,"Bollo Angus McDonalds "
1168,"Bollo Big Mac "
641,"Bollo Extra Grande "
43236,"Bollo Extra Grande "
4150,"Bollo Parrillero "
36430,"Bollo Parrillero "
35097,"Bollo Random Wendys "
1166,"Bollo Regular "
35385,"Bollo Troquelado BK "
157,"Bollo WB "
125,"Bollos "
202,"Bollos "
205,"Bollos "
37688,"Bollos "
40963,"Bollos "
40964,"Bollos "
43135,"Bollos "
43157,"Bollos "
131,"Bollos BK "
132,"Bollos BK "
134,"Bollos BK "
135,"Bollos BK "
4512,"Bollos BK "
4513,"Bollos BK "
8864,"Bollos BK "
8865,"Bollos BK "
31177,"Bollos BK "
35425,"Bollos BK "
46214,"Bollos BK "
46215,"Bollos BK "
214,"Bollos Carls Jr "
34373,"Bollos Carls Jr "
40430,"Bollos Carls Jr "
46062,"Bollos Carls Jr "
47942,"Bollos Carls Jr sn Ajonj "
7144,"Bollos Economicos "
37689,"Bollos Economicos "
40917,"Bollos Estilo Angus "
35569,"Bollos Extra Ajn "
43350,"Bollos Extra Ajn "
1373,"Bollos Extra Ajn FS "
31763,"Bollos Jumbo "
34876,"Bollos Jumbo "
161,"Bollos KFC "
1167,"Bollos Quarter Pounder McD "
35567,"Bollos sin Ajon "
43382,"Bollos sin Ajon "
47980,"Bollos sin Ajonjoli "
47943,"Bollos Wendys "
36610,"Bolsa Mini Rocko "
34958,"Bolsa Mini Rocko Consumos "
36692,"Bolsa Mini Rocko MG "
33302,"Bolsa Minibimbunuelos "
30980,"Bolsa Orejitas "
32891,"Bolsa Surtido Rico "
33687,"Bolsita Besos de Nuez "
33688,"Bolsita Besos de Nuez "
33889,"Bolsita Circus "
34118,"Bolsita Mini Chips "
33690,"Bolsita Orejitas "
33691,"Bolsita Orejitas "
33359,"Bolsita Surtido Rico "
35227,"Bolsita Surtido Rico "
35575,"Bolsita Surtido Rico "
33693,"Bolsita Teddy Bear "
5371,"Bombonete "
36060,"Bombonete "
46716,"Bombonete "
47075,"Bombonete "
49773,"Bombonete San Valentin "
614,"Bombonete SC "
33021,"Bombonete SnValentin "
30646,"Bombonete Temporalidad "
42192,"Bombonete Temporalidad "
48667,"Bombonete Temporalidad "
36830,"Bon o Bon Leche Two Pack "
35969,"Bran Frut Avena "
35801,"Bran Frut con Avena "
35802,"Bran Frut con Avena "
35803,"Bran Frut con Avena "
35821,"Bran Frut con Avena "
33663,"Bran Frut Dual "
33664,"Bran Frut Dual "
33715,"Bran Frut Dual "
31420,"Bran Frut Energy "
31421,"Bran Frut Energy "
31868,"Bran Frut Energy "
1644,"Bran Frut Fresa "
3977,"Bran Frut Fresa "
30177,"Bran Frut Fresa "
31322,"Bran Frut Fresa "
43027,"Bran Frut Fresa "
43100,"Bran Frut Fresa "
43279,"Bran Frut Fresa "
46138,"Bran Frut Fresa "
46194,"Bran Frut Fresa "
48417,"Bran Frut Fresa "
48578,"Bran Frut Fresa "
48805,"Bran Frut Fresa "
33912,"Bran Frut Fresa Escolar "
46962,"Bran Frut Fsa "
48232,"Bran Frut Fsa "
30218,"Bran Frut Mango "
30265,"Bran Frut Mango "
30266,"Bran Frut Mango "
3720,"Bran Frut Manzana Canela "
48419,"Bran Frut Manzana Canela "
48579,"Bran Frut Manzana Canela "
48806,"Bran Frut Manzana Canela "
31245,"Bran Frut Mix "
49480,"Bran Frut Mix "
31775,"Bran Frut Mix Fresa Pina "
1643,"Bran Frut Pina "
3978,"Bran Frut Pina "
30178,"Bran Frut Pina "
43028,"Bran Frut Pina "
43219,"Bran Frut Pina "
46137,"Bran Frut Pina "
46195,"Bran Frut Pina "
48421,"Bran Frut Pina "
48577,"Bran Frut Pina "
48804,"Bran Frut Pina "
47910,"BranFrut Fresa "
45448,"Brioche Morango "
7761,"Bubulubu "
7829,"Bubulubu "
9764,"Bubulubu Twin Pack "
31246,"Bubulubu Twin Pack "
33295,"Burrito Asado Puerco "
33292,"Burrito Chicharron Sals Vde "
33294,"Burrito Des Res Salsa Roja "
34644,"Burrito Vapo Carne Deshebrada "
34647,"Burrito Vaporero Barbacoa "
34645,"Burrito Vaporero Chicharron "
34646,"Burrito Vaporero FrijolChorizo"
34643,"Burrito Vaporero Mole "
5919,"Burritos Clasico "
6502,"Burritos Clasico "
5917,"Burritos Combinado "
6505,"Burritos Combinado "
5918,"Burritos Norteno "
6500,"Burritos Norteno "
5921,"Burritos Poblano "
6503,"Burritos Poblano "
53,"Burritos Sincro "
37086,"Burritos Sincro "
9756,"Butter Milk Bread "
43367,"Butter Milk Bread "
43380,"ButterMilk Twin Pack "
35864,"Cachitos "
4624,"Cajeta Espreable Envinada "
4919,"Cajeta Espreable Quemada "
8766,"Cajeta Quemada Cubeta "
8768,"Cajeta Quemada Cubeta "
36034,"Cajilla Galletas "
36791,"Cajilla Galletones Naturales "
34935,"Cajilla Molido Crujiente "
30280,"Camioncito Bimbo Modelo "
30099,"Camioncitos Bimbo BIM "
3435,"Canapinas "
3525,"Canapinas "
3526,"Canapinas "
31627,"Canapinas "
31628,"Canapinas "
32552,"Canapinas "
32869,"Canapinas "
32870,"Canapinas "
32871,"Canapinas "
32872,"Canapinas "
32873,"Canapinas "
35516,"Canapinas "
35517,"Canapinas "
43254,"Canapinas "
43390,"Canapinas "
3415,"Canapinas KC "
36591,"Canapinas MG "
37614,"Canela Molida "
2028,"Canelita ETN "
617,"Canelitas "
5410,"Canelitas "
9249,"Canelitas "
31309,"Canelitas "
31310,"Canelitas "
31311,"Canelitas "
31510,"Canelitas "
35024,"Canelitas "
36978,"Canelitas "
37360,"Canelitas "
37361,"Canelitas "
37362,"Canelitas "
37363,"Canelitas "
42590,"Canelitas "
43070,"Canelitas "
45308,"Canelitas "
46241,"Canelitas "
34083,"Canelitas Escolar "
34084,"Canelitas Escolar "
412,"Canelitas Inst "
5710,"Canelitas KC "
30314,"Canelitas KC "
36327,"Canelitas MG "
36912,"Canelitas Navidad "
37177,"Canelitas Navidad "
36988,"Canelitas Navidad Mayoreo KC "
35622,"Canelitas Tentacion "
35900,"Canelitas Tentacion "
5414,"Canelitas Tubo "
31511,"Canelitas Tubo "
31512,"Canelitas Tubo "
31768,"Canelitas Tubo "
32360,"Canelitas Tubo "
32361,"Canelitas Tubo "
36745,"Canelitas Tubo "
36946,"Canelitas Tubo "
36998,"Canelitas Tubo "
43071,"Canelitas Tubo "
36338,"Canelitas Tubo MG "
4943,"Canelitas Vips "
9,"Capuccino Moka "
33190,"Charola Donita Espolv "
33261,"Charola Donita Espolv "
33741,"Charola Donita Espolv "
33191,"Charola Mantecadas "
33262,"Charola Mantecadas "
33263,"Charola Mantecadas "
33264,"Charola Nito "
33265,"Charola Nito "
33742,"Charola Nito "
33266,"Charola Panquecitos Got "
33267,"Charola Panquecitos Got "
33743,"Charola Panquecitos Got "
6177,"Chicharron Kimono "
31974,"Chicks Energy Gum "
9798,"Chicks Vitrolero "
1178,"Chino Congelado "
6490,"Chipotles "
42225,"Chips a la Diabla "
31089,"Chips Fuego "
42128,"Chips Jalapeno "
42227,"Chips Sal "
33649,"Chispas de Chocolate "
5340,"Choco Roles "
5386,"Choco Roles "
5545,"Choco Roles "
35484,"Choco Roles "
36699,"Choco Roles "
37057,"Choco Roles "
37058,"Choco Roles "
37059,"Choco Roles "
37702,"Choco Roles "
37703,"Choco Roles "
40859,"Choco Roles "
43083,"Choco Roles "
43263,"Choco Roles "
46233,"Choco Roles "
46240,"Choco Roles "
46255,"Choco Roles "
30408,"Choco Roles Fresa "
33862,"Choco Roles Fresa "
33863,"Choco Roles Fresa "
35539,"Choco Roles Fresa "
40673,"Choco Roles Fresa "
40674,"Choco Roles Fresa "
31118,"Choco Roles Pina "
31119,"Choco Roles Pina "
31120,"Choco Roles Pina "
48303,"Chocochips "
48763,"Chocochips "
48985,"Chocochips "
4482,"Chocochispas "
31618,"Chocochispas "
31619,"Chocochispas "
31621,"Chocochispas "
31622,"Chocochispas "
31624,"Chocochispas "
31625,"Chocochispas "
31626,"Chocochispas "
32860,"Chocochispas "
32861,"Chocochispas "
32862,"Chocochispas "
32863,"Chocochispas "
32864,"Chocochispas "
33879,"Chocochispas "
43047,"Chocochispas "
36595,"Chocochispas MG "
32819,"Chocodonitas "
32820,"Chocodonitas "
9416,"Chocoretas "
306,"Chocotorro Fresa "
5901,"Chocotorro Fresa "
32302,"Chocotorro Fresa "
34546,"Chocotorro Fresa "
35452,"Chocotorro Fresa "
35453,"Chocotorro Fresa "
35454,"Chocotorro Fresa "
6456,"Churritos Chile y Limon "
31211,"Churritos Chile y Limon "
32204,"Churritos Chile y Limon "
36042,"Clasicas de Regalo Sab Fresa "
36041,"Clasicas de Regalo Sabor Chocol "
36008,"Classicas "
37149,"Classicas "
37442,"Classicas "
48022,"Classicas "
48288,"Classicas "
48023,"Classicas Chocol "
5200,"Coca Cola Lata "
30384,"Coca Cola Lata "
5223,"Coca Cola Light Lata "
30385,"Coca Cola Light Lata "
46711,"Coca Cola Zero Lata "
1220,"Colchones "
36270,"Colchones "
43198,"Colchones "
32480,"Combo Clasica "
36990,"Combo Picadita mas Tomate Picad "
36927,"Combo Salma mas Levite"
36928,"Combo Salma mas Levite"
36929,"Combo Tos Clas mas Sals"
36989,"Combo Tost Clas mas Frijol "
35272,"Combo Tost ClasRoseta Maiz "
2097,"Concha Chicharron Cong "
2063,"Concha Chocolate Cong "
2062,"Concha Vainilla Cong "
4245,"Conchas "
4259,"Conchas "
31095,"Conchas "
35176,"Conchas "
35177,"Conchas "
43038,"Conchas "
45112,"Conchas "
46204,"Conchas "
49920,"Conchas "
1272,"Conchas Chocolate "
3270,"Conchas Vainilla "
34992,"Conchas Vainilla "
34993,"Conchas Vainilla "
43251,"Conchas Vainilla "
46169,"Conchas Vainilla "
1319,"Conchitas Vainilla "
43210,"Conchitas Vainilla "
48043,"Costalito "
33334,"Costalito Surtido Rico "
35510,"Costalito Surtido Rico "
35921,"Costalito Surtido Rico "
36969,"Cuadritas de Maiz "
30581,"Cuernito Jamon y Queso "
30906,"Cuernito Jamon y Queso "
32222,"Cuernito Jamon y Queso "
33033,"Cuernito Jamon y Queso Cong "
33342,"Cuernito Jamon y Queso Cong "
36439,"Cuernito Jamon y Queso LT "
4270,"Cuernitos "
31098,"Cuernitos "
31100,"Cuernitos "
43039,"Cuernitos "
46205,"Cuernitos "
3718,"Cuernitos Famili Pack "
9217,"Cuernitos Famili Pack "
30805,"Cuernitos Famili Pack "
36641,"Cuernitos ME "
35079,"Cuernitos Rebanado McD "
2065,"Cuerno Congelado "
303,"Dalmata "
308,"Dalmata "
523,"Dalmata "
9082,"Dalmata "
35455,"Dalmata "
35456,"Dalmata "
35457,"Dalmata "
43147,"Dalmata "
3535,"Decanelas "
32297,"Decanelas "
32298,"Decanelas "
32845,"Decanelas "
32846,"Decanelas "
36588,"Decanelas "
43003,"Decanelas "
3428,"Deliciosas "
3447,"Deliciosas "
3555,"Deliciosas "
43140,"Deliciosas "
43258,"Deliciosas "
33657,"Deliciosas Betunadas "
35635,"Deliciosas Betunadas "
37577,"Deliciosas Betunadas "
37578,"Deliciosas Betunadas "
36597,"Deliciosas Betunadas MG "
31827,"Deliciosas Chochitos "
31828,"Deliciosas Chochitos "
31829,"Deliciosas Chochitos "
32842,"Deliciosas Chochitos "
32843,"Deliciosas Chochitos "
32884,"Deliciosas Chochitos "
35127,"Deliciosas Chochitos "
35128,"Deliciosas Chochitos "
35129,"Deliciosas Chochitos "
35130,"Deliciosas Chochitos "
35131,"Deliciosas Chochitos "
35132,"Deliciosas Chochitos "
35761,"Deliciosas Chochitos "
35763,"Deliciosas Chochitos "
37574,"Deliciosas Chochitos "
37575,"Deliciosas Chochitos "
37576,"Deliciosas Chochitos "
36332,"Deliciosas Chochitos MG "
37569,"Deliciosas Chochochispas "
37570,"Deliciosas Chochochispas "
37573,"Deliciosas Chochochispas "
35689,"Deliciosas Chocochispas "
35691,"Deliciosas Chocochispas "
35693,"Deliciosas Chocochispas "
35694,"Deliciosas Chocochispas "
35695,"Deliciosas Chocochispas "
35697,"Deliciosas Chocochispas "
35698,"Deliciosas Chocochispas "
35700,"Deliciosas Chocochispas "
35701,"Deliciosas Chocochispas "
35703,"Deliciosas Chocochispas "
35704,"Deliciosas Chocochispas "
37011,"Deliciosas Chocochispas "
31655,"Deliciosas Chocolate "
31656,"Deliciosas Chocolate "
32851,"Deliciosas Chocolate "
32852,"Deliciosas Chocolate "
35121,"Deliciosas Chocolate "
35122,"Deliciosas Chocolate "
35123,"Deliciosas Chocolate "
35124,"Deliciosas Chocolate "
35125,"Deliciosas Chocolate "
36991,"Deliciosas Coco "
36992,"Deliciosas Coco "
37425,"Deliciosas Coco "
33773,"Deliciosas Escolar "
31599,"Deliciosas Vainilla "
31600,"Deliciosas Vainilla "
31609,"Deliciosas Vainilla "
31610,"Deliciosas Vainilla "
31612,"Deliciosas Vainilla "
31613,"Deliciosas Vainilla "
32848,"Deliciosas Vainilla "
32849,"Deliciosas Vainilla "
32850,"Deliciosas Vainilla "
32854,"Deliciosas Vainilla "
32855,"Deliciosas Vainilla "
32857,"Deliciosas Vainilla "
32858,"Deliciosas Vainilla "
35103,"Deliciosas Vainilla "
35104,"Deliciosas Vainilla "
35105,"Deliciosas Vainilla "
35106,"Deliciosas Vainilla "
35107,"Deliciosas Vainilla "
35108,"Deliciosas Vainilla "
35109,"Deliciosas Vainilla "
35110,"Deliciosas Vainilla "
35111,"Deliciosas Vainilla "
35112,"Deliciosas Vainilla "
35113,"Deliciosas Vainilla "
35114,"Deliciosas Vainilla "
35115,"Deliciosas Vainilla "
35116,"Deliciosas Vainilla "
35117,"Deliciosas Vainilla "
35118,"Deliciosas Vainilla "
35119,"Deliciosas Vainilla "
35120,"Deliciosas Vainilla "
36883,"Deliciosas Vainilla "
37579,"Deliciosas Vainilla "
37580,"Deliciosas Vainilla "
37581,"Deliciosas Vainilla "
36587,"Deliciosas Vainilla MG "
72,"Div Tira Mini Doradita "
4234,"Div Tira Mini Doradita "
36093,"Div Tira Mini Doradita "
36130,"Div Tira Mini Doradita "
36192,"Div Tira Mini Doradita "
43000,"Div Tira Mini Doradita "
46064,"Div Tira Mini Doradita "
46200,"Div Tira Mini Doradita "
37494,"Dolce Roll "
37495,"Dolce Roll "
37496,"Dolce Roll "
36932,"Dona "
36933,"Dona "
49928,"Dona "
1289,"Donas "
44951,"Donas "
1250,"Donas Azucar "
32142,"Donas Azucar "
36531,"Donas Azucar "
43204,"Donas Azucar "
46130,"Donas Azucar "
635,"Donas Azucar ME "
43344,"Donas Azucar ME "
46086,"Donas Azucar ME "
36773,"Donas Azucar Promocaja "
36930,"Donas Azucar Promocaja "
36931,"Donas Azucar Promocaja "
31423,"Donas Azucar Tubo "
34938,"Donas Azucar Tubo "
34939,"Donas Azucar Tubo "
37031,"Donas Canela "
37396,"Donas Canela "
1464,"Donas Panera "
2805,"Donas Panera "
43354,"Donas Panera "
1242,"Donitas Espolvoreadas "
32143,"Donitas Espolvoreadas "
43203,"Donitas Espolvoreadas "
46085,"Donitas Espolvoreadas "
634,"Donitas Espolvoreadas ME "
2806,"Donitas Panera "
43239,"Donitas Panera "
41725,"DonitasEspolvoreadas ME "
43343,"DonitasEspolvoreadas ME "
1641,"Doraditas "
4280,"Doraditas "
31103,"Doraditas "
34429,"Doraditas "
34430,"Doraditas "
43040,"Doraditas "
44370,"Doraditas "
44990,"Doraditas "
46206,"Doraditas "
45223,"Doraditas Panera "
9248,"Dulcigomas "
42042,"Duo Barrita Fresa y Pina "
43322,"Duo Barrita Fresa y Pina "
35429,"Duo Barrita Fsa Barrita Pna "
35430,"Duo Barrita Fsa Barrita Pna "
35576,"Duo Barrita Fsa Barrita Pna "
35557,"Duo Barrita FsaPna "
35558,"Duo Barrita FsaPna "
35561,"Duo Barrita FsaPna "
36744,"Duo Barrita FsaPna "
31298,"Duo Bigotes "
31299,"Duo Bigotes "
36402,"Duo Bigotes y Mini Doraditas "
36403,"Duo Bigotes y Mini Doraditas "
35191,"Duo Bran Fresa Pina "
35198,"Duo Bran Fresa Pina "
35724,"Duo Bran Fresa Pina "
35725,"Duo Bran Fresa Pina "
31447,"Duo Bran Frut Fresa y Cookie "
35822,"Duo BranFrut Fsa mas "
35860,"Duo BranFrut Fsa mas "
35434,"Duo Canelitas "
34702,"Duo Chocotorro mas Dalmata "
34703,"Duo Chocotorro mas Dalmata "
34704,"Duo Chocotorro mas Dalmata "
35092,"Duo Galleta Gansito "
35093,"Duo Galleta Gansito "
30877,"Duo Gansito Clasico "
35604,"Duo Gansito mas Chocotorro "
35605,"Duo Gansito mas Chocotorro "
34616,"Duo Gansito mas Dalmata "
34617,"Duo Gansito mas Dalmata "
34618,"Duo Gansito mas Dalmata "
35602,"Duo Gansito mas Doble Choc "
48891,"Duo Gansito mas Gansito SP "
48893,"Duo Gansito mas Gansito SP "
48927,"Duo Gansito mas Gansito SP "
35005,"Duo Gansito y Mini Gansito "
31313,"Duo Marias "
31716,"Duo Marias "
31803,"Duo Marias "
31804,"Duo Marias "
34370,"Duo MGNuez "
34426,"Duo MGNuez "
34427,"Duo MGNuez "
36195,"Duo Mini GansitoNapolitano "
36196,"Duo Mini GansitoNapolitano "
30007,"Duo Nito "
30008,"Duo Nito "
36533,"Duo Nito "
36534,"Duo Nito "
36535,"Duo Nito "
40985,"Duo Nito "
37075,"Duo Nito Conveniencia "
37076,"Duo Nito Conveniencia "
32045,"Duo NutriAve con Mul Nuez "
32046,"Duo NutriAve con Mul Nuez "
40665,"Duo Pack Multigrano Nuez "
32294,"Duo Pan Bco Silueta MM "
32295,"Duo Pan Bco Silueta MM "
34893,"Duo Pan Bco Silueta MM "
32286,"Duo Pan Blanco MM "
32287,"Duo Pan Blanco MM "
32288,"Duo Pan Blanco MM "
34901,"Duo Pan Blanco MM "
32274,"Duo Pan Doble Fibra MM "
32275,"Duo Pan Doble Fibra MM "
32277,"Duo Pan Integral MM "
32278,"Duo Pan Integral MM "
32279,"Duo Pan Integral MM "
34854,"Duo Pan Integral MM "
32283,"Duo Pan Multigrano Lin MM "
32284,"Duo Pan Multigrano Lin MM "
32285,"Duo Pan Multigrano Lin MM "
34894,"Duo Pan Multigrano Lin MM "
32280,"Duo Pan Multigrano MM "
32281,"Duo Pan Multigrano MM "
32282,"Duo Pan Multigrano MM "
32289,"Duo Pan Silueta con FibraMM "
32290,"Duo Pan Silueta con FibraMM "
36010,"Duo PanditaGalleta Pandita "
37388,"Duo Panque NuezRoles Canela "
32363,"Duo Plativolos "
32364,"Duo Plativolos "
34486,"Duo Polvoron "
34487,"Duo Polvoron "
30999,"Duo Rocko "
31001,"Duo Rocko "
36123,"Duo Saladas "
34888,"Duo Silueta "
34889,"Duo Silueta "
36098,"Duo Suavicremas "
32433,"Duo Suavicremas Chocolate "
32434,"Duo Suavicremas Chocolate "
36184,"Duo Suavicremas Vainilla "
35633,"Duo Tartinas Fresa Zarzamora "
35634,"Duo Tartinas Fresa Zarzamora "
36052,"DuoBarr Fsa GallGansito Det "
35427,"DuoBarrita Fsa GalletaGansito"
35428,"DuoBarrita Fsa GalletaGansito"
31267,"DuoPack BranFrut FresaPina "
33243,"Dutch Country "
33680,"Dutch Country "
33681,"Dutch Country "
33241,"Dutch Country Avena "
33678,"Dutch Country Avena "
33679,"Dutch Country Avena "
33242,"Dutch Country Super Pan Bco "
33682,"Dutch Country Super Pan Bco "
33683,"Dutch Country Super Pan Bco "
30409,"Empanaditas Fresa "
30707,"Empanaditas Fresa "
30871,"Empanaditas Pina "
30888,"Empanaditas Pina "
4910,"Empanizador Crujiente "
43059,"Empanizador Crujiente "
46225,"Empanizador Crujiente "
48694,"Empanizador Hojuela "
48695,"Empanizador Hojuela "
48934,"Empanizador Hojuelas "
30958,"Empanzador Crujiente Prom BIM "
35501,"English Muffins Gran Entero "
31711,"English Muffins Natural "
35587,"Exhib Galletas "
35618,"Exhibidor PDQ Bran Frut BIM "
36277,"Exhibidor Sanissimo "
30190,"Fanta Lata "
49765,"Fanta Lata "
665,"Figatza "
35739,"Figatza "
35740,"Figatza "
43158,"Figatza "
46087,"Figatza "
34495,"Flow Pack Surtido Fina Variedad "
30189,"Fresca Lata "
46447,"Fresca Lata "
6066,"Frute "
34439,"Fruttimania Durazno Princesas "
34440,"Fruttimania Durazno Toy Story "
34124,"Fruttimania Manzana Toy Story "
36001,"Galleta Almenuez "
36002,"Galleta Almenuez "
36309,"Galleta Almenuez "
37222,"Galleta Almenuez "
37223,"Galleta Almenuez "
36310,"Galleta Almenuez Bajio "
36735,"Galleta Almenuez Bajio "
40560,"Galleta Amaranto Naranja "
35026,"Galleta Animalito Molida "
36003,"Galleta Arandaleta "
36004,"Galleta Arandaleta "
37220,"Galleta Arandaleta "
37221,"Galleta Arandaleta "
36734,"Galleta Arandaleta MG "
37593,"Galleta Arandaleta Muestreo "
33734,"Galleta Avena Chispas "
33735,"Galleta Avena Chispas "
33736,"Galleta Avena Chispas "
33737,"Galleta Avena Chispas "
36731,"Galleta Avena Chispas MG "
33909,"Galleta Avena Escolar "
31075,"Galleta Avena Manz Canela "
31077,"Galleta Avena Manz Canela "
36005,"Galleta Cereleta "
36006,"Galleta Cereleta "
36732,"Galleta Cereleta MG "
35967,"Galleta Confeti "
35968,"Galleta Confeti "
36291,"Galleta Confeti Prueb "
36292,"Galleta Confeti Prueb "
32535,"Galleta Gansito "
32536,"Galleta Gansito "
32798,"Galleta Gansito "
32799,"Galleta Gansito "
33699,"Galleta Gansito "
33700,"Galleta Gansito "
33763,"Galleta Gansito "
33842,"Galleta Gansito "
34056,"Galleta Gansito "
34326,"Galleta Gansito "
34333,"Galleta Gansito "
34337,"Galleta Gansito "
32642,"Galleta Gansito KC "
36689,"Galleta Gansito MG "
48033,"Galleta Granel Classics Chocolate GBI "
34917,"Galleta Hna Int cFrutSabNja DIF "
35171,"Galleta Int Amarant sab Nuez "
36586,"Galleta Int Fruta sab Nar BC DIF "
31905,"Galleta Integ Amaranto Naranja "
34627,"Galleta Integ Avena Nuez DIF Gto "
35714,"Galleta Integral Avena DIF "
37002,"Galleta Integral Cacahuate DIF "
31574,"Galleta Manzana Canela "
1899,"Galleta Molida "
43222,"Galleta Molida "
35524,"Galletas "
36727,"Galletas Integrales Avena "
42869,"Galletas Integrales Avena "
43218,"Galletas Integrales Avena "
46304,"Galletas Integrales Avena "
35625,"Galletas Panditas "
35626,"Galletas Panditas "
35753,"Galletas Panditas "
35754,"Galletas Panditas "
35756,"Galletas Panditas "
36823,"Galletas Panditas "
36964,"Galletas Panditas "
36688,"Galletero Navideno "
35999,"Galleton Chocolate "
36000,"Galleton Chocolate "
36733,"Galleton Chocolate MG "
37355,"Ganchera Galletones "
31013,"Gansi Premio "
31015,"Gansi Premio "
31315,"Gansi Premio "
31316,"Gansi Premio "
831,"Gansito "
5000,"Gansito "
5310,"Gansito "
31142,"Gansito "
36700,"Gansito "
43164,"Gansito "
43285,"Gansito "
43307,"Gansito "
46228,"Gansito "
31145,"Gansito Choc "
47949,"Gansito Chocolate "
48967,"Gansito Chocolate "
49497,"Gansito Chocolate "
49498,"Gansito Chocolate "
49620,"Gansito Chocolate ME "
5543,"Gansito ME "
43081,"Gansito ME "
46253,"Gansito ME "
49860,"Gansito ME "
45446,"Golden Nuts Enchilado "
6820,"Golden Nuts Semilla "
48301,"Granel Beso de Nuez "
48034,"Granel Classica Choco Bicolor "
48298,"Granel Oreja "
34585,"Hamburguesa Clasica "
48346,"Healthy Multi Grain "
34178,"Hot Dog "
217,"Hot Dog Estilo Sonora "
36794,"Hot Dog Estilo Sonora "
36627,"Hot Dog Freihofers "
31319,"Hot Dog Inte Est Sonora "
36801,"Hot Dog Inte Est Sonora "
35401,"Hot Dog Mrs Bairds "
36843,"Hot Dog Pullman "
36629,"Hot Dog Stroehmann "
141,"Hot Dogs "
43136,"Hot Dogs "
43229,"Hot Dogs "
46074,"Hot Dogs "
7145,"Hot Dogs Economicos "
37690,"Hot Dogs Economicos "
45447,"Hot Nuts "
33902,"Hot Nuts Multintenso "
35989,"Hotcakes Congelado "
35990,"Hotcakes Refrigerado "
36090,"Ice Shot Menta Sandia "
36091,"Ice Shot Yerbabuena "
43089,"Integral "
30566,"Joya Sabor Manzana Lata "
30567,"Joya Sabor Toronja Lata "
1136,"Jugos Guayaba Sonrisas "
36014,"Karameladas "
45449,"Kiyakis "
7814,"Kranky "
35031,"Kranky "
34389,"Kranky Barra Choc Arroz Inflado "
33875,"Lapicera Carton Distroller ABC "
36234,"Lat Corazon BesNuez Britto Mama "
36227,"Lat Redonda BesNuez Britto Mama "
40309,"Lata Butter "
48044,"Lata Butter "
48021,"Lata Butter Danesas "
40310,"Lata Butter Flores Rojas "
32544,"Lata Butter Temporada "
36035,"Lata Cora I Love You Besos Nuez "
32594,"Lata Corazon Besos Nuez Rosas "
35222,"Lata Corazon Besos Nuez Rosas "
37285,"Lata Corazon Chococat Beso Nuez "
36036,"Lata Corazon Colores Besos Nuez "
37286,"Lata Corazon Kitty Besos Nuez "
36240,"Lata Corazon Mixta "
36038,"Lata Cuad I Love You Besos Nuez "
37291,"Lata Cuad Paul Frank"
36963,"Lata Cuadrad Mix Navidad "
36209,"Lata Cuadrad Mix Sn Valentin "
37289,"Lata Cuadrada Chococat Bes Nuez "
36204,"Lata Cuadrada ILoveyou "
37290,"Lata Cuadrada Kitty Beso Nuez "
37645,"Lata CuadradaKittyBesoNuez "
37426,"Lata Czon Galleta Sn Valentines "
37287,"Lata Czon Paul Frank"
36955,"Lata Danesa Paul Frank Cara "
35793,"Lata Danesa Regalos "
36979,"Lata Danesas Kitty Regalo "
35014,"Lata Danesas Snoopy "
35015,"Lata Danesas Snoopy "
48311,"Lata GV "
30593,"Lata Ola "
30594,"Lata Ola "
30595,"Lata Ola "
48039,"Lata Ola "
36233,"Lata Redonda Mixta Generico "
40319,"Lata Regreso a Clases Danesas "
32669,"Lata Surtido Danesa Corazones "
35219,"Lata Surtido Danesa Rosas "
30399,"Lata Surtido de Galletas "
35792,"Lata Surtido Rico Navidad "
37644,"LataCorazonChococatBesoNuez"
37427,"Leche Gansito "
33053,"Leche Gansito Choc Expendio "
30332,"Leche Gansito Chocolate "
40680,"Leche Gansito Chocolate "
30735,"Leche Nito "
41843,"Leche Nito "
47940,"Leche Nito Chocolate "
31123,"Lonchera Plastica Baul "
34067,"Lonchibox Prem Bco con Chile "
34068,"Lonchibox Prem Bco sn Chile "
34071,"Lonchibox Premium Cuernito "
34069,"Lonchibox Premium Multigrano "
34025,"Lonchito Clasico Juzgados "
2734,"Lors "
31338,"Lors "
31339,"Lors "
32575,"Lors "
32933,"Lors "
32934,"Lors "
32935,"Lors "
43237,"Lors "
44833,"Lors "
4087,"Lors KC "
36319,"Lors MG "
33207,"Lors Snack "
33208,"Lors Snack "
1294,"Lors Tubo "
31468,"Lors Tubo "
31469,"Lors Tubo "
32366,"Lors Tubo "
32367,"Lors Tubo "
33671,"Lors Tubo "
33672,"Lors Tubo "
33673,"Lors Tubo "
43208,"Lors Tubo "
36339,"Lors Tubo MG "
35928,"Madalena "
36740,"Madalena "
35651,"Madalenas "
36711,"Madalenas "
36739,"Madalenas "
37005,"Madalenas "
37006,"Madalenas "
37007,"Madalenas "
37014,"Madalenas "
37015,"Madalenas "
37016,"Madalenas "
3446,"Magnas "
34225,"Magnas "
34226,"Magnas "
34227,"Magnas "
44948,"Magnas "
36589,"Magnas MG "
42036,"Magno "
4102,"Mantecada Vainilla "
40217,"Mantecada Vainilla "
45111,"Mantecada Vainilla "
2309,"Mantecadas "
4169,"Mantecadas "
4240,"Mantecadas "
31719,"Mantecadas "
34048,"Mantecadas "
36530,"Mantecadas "
40507,"Mantecadas "
40820,"Mantecadas "
43037,"Mantecadas "
44371,"Mantecadas "
44372,"Mantecadas "
46203,"Mantecadas "
3609,"Mantecadas Chocolate "
31720,"Mantecadas Chocolate "
34327,"Mantecadas Chocolate "
34328,"Mantecadas Chocolate "
36639,"Mantecadas Chocolate "
4304,"Mantecadas Chocolate SP "
632,"Mantecadas ME "
43156,"Mantecadas ME "
46084,"Mantecadas ME "
36413,"Mantecadas Mix "
32134,"Mantecadas Nuez "
36553,"Mantecadas Nuez "
36554,"Mantecadas Nuez "
37402,"Mantecadas Nuez "
37403,"Mantecadas Nuez "
37404,"Mantecadas Nuez "
37405,"Mantecadas Nuez "
41938,"Mantecadas Nuez "
43118,"Mantecadas Nuez "
45523,"Mantecadas Nuez "
45527,"Mantecadas Nuez "
45528,"Mantecadas Nuez "
46284,"Mantecadas Nuez "
48597,"Mantecadas Nuez "
48598,"Mantecadas Nuez "
40751,"Mantecadas Nuez BimboContig "
2808,"Mantecadas Panera "
31457,"Mantecadas Vain "
36550,"Mantecadas Vain "
36551,"Mantecadas Vain "
36806,"Mantecadas Vain "
37018,"Mantecadas Vain "
44576,"Mantecadas Vain "
44950,"Mantecadas Vain "
1240,"Mantecadas Vainilla "
32141,"Mantecadas Vainilla "
43202,"Mantecadas Vainilla "
46128,"Mantecadas Vainilla "
40569,"Manzana Canela Galleton "
30191,"Manzana Lift Lata "
30387,"Manzana Lift Lata "
248,"Marias "
3530,"Marias "
32207,"Marias "
32554,"Marias "
40886,"Marias "
42323,"Marias "
44597,"Marias "
44987,"Marias "
34909,"Marias a Granel "
33779,"Marias Escolar "
36579,"Marias MG "
31004,"Mask Fresko Menta "
31003,"Mask Fresko Yerbabuena "
33845,"Max Two Pack Elote Mango "
37264,"Maxi Choco Roles Tripack "
37265,"Maxi Choco Roles Tripack "
37293,"Media Tarima Mix Lta CzonCuad "
35660,"Medias Noche "
151,"Medias Noches "
1150,"Medias Noches "
1153,"Medias Noches "
4152,"Medias Noches "
4301,"Medias Noches "
30172,"Medias Noches "
30173,"Medias Noches "
31535,"Medias Noches "
33300,"Medias Noches "
34206,"Medias Noches "
34207,"Medias Noches "
34851,"Medias Noches "
35473,"Medias Noches "
35578,"Medias Noches "
35828,"Medias Noches "
36561,"Medias Noches "
42034,"Medias Noches "
43188,"Medias Noches "
43189,"Medias Noches "
45407,"Medias Noches "
46111,"Medias Noches "
46112,"Medias Noches "
47944,"Medias Noches "
47948,"Medias Noches "
48125,"Medias Noches "
4514,"Medias Noches BK "
35426,"Medias Noches BK "
46216,"Medias Noches BK "
36831,"Medias Noches Cluster "
8931,"Medias Noches Conveniencia "
35565,"Medias Noches Conveniencia "
43121,"Medias Noches Conveniencia "
46275,"Medias Noches Conveniencia "
8863,"Medias Noches Esp BK "
35564,"Medias Noches FS "
42792,"Medias Noches FS "
47336,"Medias Noches FS "
48134,"Medias Noches FS "
48137,"Medias Noches FS "
35829,"Medias Noches Inst "
43248,"Medias Noches Inst "
3687,"Medias Noches Jumbo "
48218,"Medias Noches Jumbo "
36983,"Medio Pallet Lata Kitty Navidad "
37017,"Medio Pallet Surtido Fino "
9699,"Mentho Plus Miel "
37620,"Mermelada Fresa "
32538,"Mi Barrita Fresa "
32541,"Mi Barrita Pina "
32542,"Mi Barrita Pina "
32556,"Mi Bran Frut Fresa "
32557,"Mi Bran Frut Fresa "
32558,"Mi Bran Frut Fresa "
32958,"Mi Chocorol "
32959,"Mi Chocorol "
32960,"Mi Chocorol "
32980,"Mi Chocorol "
32981,"Mi Chocorol "
35246,"Mi Chocorol "
35247,"Mi Chocorol "
35248,"Mi Chocorol "
32952,"Mi Gansito "
32953,"Mi Gansito "
32954,"Mi Gansito "
32974,"Mi Gansito "
32975,"Mi Gansito "
35243,"Mi Gansito "
35244,"Mi Gansito "
35245,"Mi Gansito "
32978,"Mi Gansito Doble Cho "
32956,"Mi Gansito Doble Choc "
30473,"Mi Napi "
32961,"Mi Pinguino "
32962,"Mi Pinguino "
32963,"Mi Pinguino "
32983,"Mi Pinguino "
32984,"Mi Pinguino "
35240,"Mi Pinguino "
35241,"Mi Pinguino "
35242,"Mi Pinguino "
32967,"Mi Rollo "
32965,"Mi Submarino Fresa "
37619,"Miel Abeja "
37268,"Mini Barritas Fresa "
2505,"Mini Bigotes Chocolate "
30475,"Mini Bigotes Chocolate "
48132,"Mini Bigotes Chocolate "
31333,"Mini Cereal Besos Canela "
33047,"Mini Doraditas "
33048,"Mini Doraditas "
36640,"Mini Doraditas ME "
35403,"Mini Galleta ABC sab Canela "
30349,"Mini Gansito "
31964,"Mini Gansito "
40839,"Mini Gansito "
31221,"Mini Gansito Pack "
31222,"Mini Gansito Pack "
36128,"Mini Gansito Pack "
36942,"Mini Milk Besos Nuez "
32719,"Mini Milk Chispa Cho Sn Valentn "
37383,"Mini Milk Chococat Valentines "
36943,"Mini Milk Orejitas "
36945,"Mini Milk Surtido Rico "
36944,"Mini Milk Tarta Fresa "
799,"Mini Principe "
45969,"Mini Principe "
32546,"Mini Rocko "
37185,"Mini Rocko "
42638,"Mini Rocko "
43314,"Mini Rocko "
47080,"Mini Rocko "
36191,"Mini Rocko Bolsa "
34959,"Mini Rocko Vitrolero "
48106,"Minibigotes "
32514,"Mis Canelitas "
36078,"Mix Snacks "
162,"Molido "
163,"Molido "
1185,"Molido "
1187,"Molido "
2438,"Molido "
43195,"Molido "
46119,"Molido "
160,"Molido Bolsa "
35054,"Molido Bolsa "
43137,"Molido Bolsa "
2185,"Molido Industrial "
48925,"Multiempaque MiniDoraditas "
44445,"Multigrano Mix "
48042,"Multipack "
35906,"Nacho Fiesta "
37400,"Nacho Fiesta "
37401,"Nacho Fiesta "
31201,"Nachos "
32037,"Nachos "
40802,"Nano Milk Lechero Besos Can "
40803,"Nano Milk Lechero Besos Nuez "
40804,"Nano Milk Lechero Orejitas "
40805,"Nano Milk Lechero Surt Rico "
30137,"Napi "
36536,"Napi Duo "
36537,"Napi Duo "
36538,"Napi Duo "
5355,"Napolitano "
43274,"Napolitano "
46237,"Napolitano "
45294,"Nectar Durazno "
45295,"Nectar Guayaba "
45296,"Nectar Mango "
45293,"Nectar Manzana "
1278,"Nito "
2425,"Nito "
5052,"Nito "
32144,"Nito "
34053,"Nito "
34054,"Nito "
34055,"Nito "
37159,"Nito "
43206,"Nito "
46132,"Nito "
1277,"Nito Edicion Especial "
43398,"Nito Edicion Especial "
46131,"Nito Edicion Especial "
630,"Nito ME "
43342,"Nito ME "
46083,"Nito ME "
0,"NO IDENTIFICADO "
36408,"Nuevo Napi "
9711,"Oatnut "
48949,"Oatnut "
8825,"Obleas Tira "
3256,"Orejas "
32305,"Orejas "
36924,"Orejas "
43250,"Orejas "
49552,"Orejitas "
35011,"Orejitas con Canela "
35228,"Orejitas con Canela "
37187,"Orejitas con Canela "
37153,"Orejitas Panera "
40889,"Orejitas Panera "
48019,"Orejitas Panera "
36960,"Pachoncitos "
37202,"Pachoncitos "
37624,"Pachoncitos "
37626,"Pachoncitos "
34425,"Pachoncitos Degustacion "
35825,"Pachoncitos Degustacion "
35826,"Pachoncitos Degustacion "
35827,"Pachoncitos Degustacion "
31946,"Pack "
36169,"Pack Galleta Leche Gansito "
48059,"Paletina NEC "
3509,"Paletina para Cafe NES "
33254,"Paleton Two Pack "
3826,"Palitrigos "
43018,"Palitrigos "
46187,"Palitrigos "
35226,"Pallet Canelitas KC "
36714,"Pallet Canelitas Media KC "
35987,"Pallet Lta SnValentin Beso Nuez "
37329,"Pallet Principe KC "
715,"Pan "
1039,"Pan "
9717,"Pan "
43110,"Pan "
43161,"Pan "
43173,"Pan "
48246,"Pan "
43346,"Pan Bco Silueta Twin Pack "
99,"Pan Blanco "
1111,"Pan Blanco "
1120,"Pan Blanco "
2025,"Pan Blanco "
2027,"Pan Blanco "
2122,"Pan Blanco "
2233,"Pan Blanco "
4153,"Pan Blanco "
4774,"Pan Blanco "
4838,"Pan Blanco "
9869,"Pan Blanco "
34211,"Pan Blanco "
34213,"Pan Blanco "
34865,"Pan Blanco "
34866,"Pan Blanco "
34867,"Pan Blanco "
36089,"Pan Blanco "
36164,"Pan Blanco "
36166,"Pan Blanco "
36557,"Pan Blanco "
37516,"Pan Blanco "
37519,"Pan Blanco "
37520,"Pan Blanco "
37523,"Pan Blanco "
37745,"Pan Blanco "
40297,"Pan Blanco "
43052,"Pan Blanco "
43130,"Pan Blanco "
43223,"Pan Blanco "
43231,"Pan Blanco "
43338,"Pan Blanco "
43347,"Pan Blanco "
43353,"Pan Blanco "
46097,"Pan Blanco "
46099,"Pan Blanco "
46143,"Pan Blanco "
46149,"Pan Blanco "
49442,"Pan Blanco "
49443,"Pan Blanco "
49944,"Pan Blanco Bimbo Rendidor "
49972,"Pan Blanco Bimbo Rendidor "
49973,"Pan Blanco Bimbo Rendidor "
1109,"Pan Blanco Chico "
34215,"Pan Blanco Chico "
40815,"Pan Blanco Chico "
43175,"Pan Blanco Chico "
46096,"Pan Blanco Chico "
43388,"Pan Blanco con Fibra "
44292,"Pan Blanco con Fibra "
36141,"Pan Blanco Freihofers "
36143,"Pan Blanco Freihofers "
34452,"Pan Blanco Mi Marca "
35570,"Pan Blanco Mi Marca "
36145,"Pan Blanco Mrs Bairds "
36147,"Pan Blanco Mrs Bairds "
34666,"Pan Blanco Natures Best "
32685,"Pan Blanco Pullman "
35852,"Pan Blanco Pullman "
36854,"Pan Blanco Pullman "
36855,"Pan Blanco Pullman "
36153,"Pan Blanco Rainbo "
36155,"Pan Blanco Rainbo "
779,"Pan Blanco Silueta "
34801,"Pan Blanco Silueta "
43227,"Pan Blanco Silueta "
36151,"Pan Blanco Stroehmann "
1031,"Pan Bolsa "
4126,"Pan Cero Cero "
43034,"Pan Cero Cero "
36612,"Pan con Fibra Freihofers "
36614,"Pan con Fibra Freihofers "
36618,"Pan con Fibra Mrs Bairds "
36872,"Pan con Fibra Pullman "
36620,"Pan con Fibra Stroehmann "
36622,"Pan con Fibra Stroehmann "
2130,"Pan de Linaza "
43351,"Pan de Linaza "
34468,"Pan Deli Avena "
34469,"Pan Deli Avena "
36318,"Pan Deli Avena "
36501,"Pan Deli Avena "
37139,"Pan Deli Avena "
36117,"Pan Deli Avena Muestreo "
2095,"Pan Doble Fibra "
2096,"Pan Doble Fibra "
31392,"Pan Doble Fibra "
31393,"Pan Doble Fibra "
31394,"Pan Doble Fibra "
34212,"Pan Doble Fibra "
43225,"Pan Doble Fibra "
43244,"Pan Doble Fibra "
34122,"Pan Doble Fibra Muestreo "
4139,"Pan Dulce Bolsa "
4135,"Pan Empacado Bolsa "
1144,"Pan Integral "
1145,"Pan Integral "
1146,"Pan Integral "
3631,"Pan Integral "
30403,"Pan Integral "
34292,"Pan Integral "
34785,"Pan Integral "
34786,"Pan Integral "
35571,"Pan Integral "
36539,"Pan Integral "
43006,"Pan Integral "
43185,"Pan Integral "
43186,"Pan Integral "
43187,"Pan Integral "
46107,"Pan Integral "
46108,"Pan Integral "
46109,"Pan Integral "
46183,"Pan Integral "
48709,"Pan Integral "
1143,"Pan Integral Gde "
34787,"Pan Integral Gde "
43184,"Pan Integral Gde "
46106,"Pan Integral Gde "
42122,"Pan Mantequilla ButterMilk "
48345,"Pan Mantequilla ButterMilk "
32830,"Pan Molido "
42014,"Pan Molido "
43278,"Pan Molido "
46118,"Pan Molido "
46288,"Pan Molido "
46772,"Pan Molido "
46876,"Pan Molido "
32410,"Pan Muerto "
109,"Pan Multicereal "
48120,"Pan Multicereal "
713,"Pan Multigrano "
3144,"Pan Multigrano "
35851,"Pan Multigrano "
37130,"Pan Multigrano "
37131,"Pan Multigrano "
37133,"Pan Multigrano "
43246,"Pan Multigrano "
43345,"Pan Multigrano "
46166,"Pan Multigrano "
48248,"Pan Multigrano "
73,"Pan Multigrano Linaza "
34802,"Pan Multigrano Linaza "
37134,"Pan Multigrano Linaza "
37135,"Pan Multigrano Linaza "
37137,"Pan Multigrano Linaza "
43129,"Pan Multigrano Linaza "
46065,"Pan Multigrano Linaza "
43373,"Pan Multigrano Linaza Twin "
46290,"Pan Multigrano Linaza Twin "
43360,"Pan Multigrano Twin "
46223,"Pan Multigrano Twin "
30289,"Pan Natura Granos Enteros "
35443,"Pan para la Comida "
34111,"Pan Pullman con Fibra "
43394,"Pan Silueta cFib Twin Pack "
42616,"Pan Silueta con Fibra "
43341,"Pan Silueta con Fibra "
46301,"Pan Silueta con Fibra "
35442,"Pan Tost Silueta "
6633,"Pan Tostado Arandanos "
35441,"Pan Tostado con Fibra "
36899,"Pan Tostado Mantequilla "
35440,"Pan Tostado Tradicional "
36194,"Pan Tostado Tradicional "
36774,"Pan Tostado Tradicional BA "
35444,"Pan Tostado Tradicional Indi "
45570,"Pan White Whole Grain "
45565,"Pan Whole grain and flax "
45567,"Pan Whole grain and flax "
48250,"Pan Whole grain and flax "
47066,"Pan Whole Grain and Oat "
47068,"Pan Whole Grain and Oat "
7724,"Panditas "
33189,"Panera Donas Azucar "
33260,"Panera Donas Azucar "
33740,"Panera Donas Azucar "
4946,"Panera Polvoron "
43061,"Panera Polvoron "
44859,"Panera Polvoron "
46227,"Panera Polvoron "
34665,"Paneton "
37191,"Panetone Suandy "
357,"Panitos Chocolate "
35212,"Panq Gota Choc "
35213,"Panq Gota Choc "
30477,"Panque Chocolate "
31997,"Panque Chocolate "
1064,"Panque Marmol "
43174,"Panque Marmol "
46095,"Panque Marmol "
47125,"Panque Nata "
1232,"Panque Nuez "
43200,"Panque Nuez "
46125,"Panque Nuez "
1230,"Panque Pasas "
43199,"Panque Pasas "
46124,"Panque Pasas "
1238,"Panquecito Gota Choc "
43201,"Panquecito Gota Choc "
46127,"Panquecito Gota Choc "
43241,"Panquecitos Gotas Paner "
2810,"Panquecitos Gotas Panera "
34185,"Panquecitos Napolitanos "
35744,"Panques "
34200,"Papatinas Chilix "
1608,"Pastel Chocolate Rec Orig "
4136,"Pasteles o Galletas Bolsa de "
9853,"Pasteles yo Galletas "
36023,"Pastilla Alka Sabor Cereza "
36024,"Pastilla Alka Sabor Miel "
3320,"Pastiseta "
43256,"Pastiseta "
46173,"Pastiseta "
3319,"Pastisetas "
3333,"Pastisetas "
34682,"Pastisetas "
34683,"Pastisetas "
43215,"Pastisetas "
43255,"Pastisetas "
46172,"Pastisetas "
46174,"Pastisetas "
36532,"Pastisetas MG "
42783,"Pastisetas sin Azucar "
45496,"Pastisetas sin Azucar "
5354,"Pay Nuez "
43067,"Pay Nuez "
5350,"Pay Pina "
43066,"Pay Pina "
36460,"PDQ Bran Frut Fresa Dpy "
2064,"Peineta Danes Pina Congelada "
35371,"Penafiel Fresa "
37615,"Pimienta Negra Molida "
5380,"Pinguinos "
5544,"Pinguinos "
43069,"Pinguinos "
43082,"Pinguinos "
46239,"Pinguinos "
46254,"Pinguinos "
47886,"Pinguinos "
47887,"Pinguinos "
47950,"Pinguinos "
47683,"Pinguinos Halloween "
47676,"Pinguinos Navidenos "
36974,"Pinguis "
36975,"Pinguis "
30813,"Pipucho "
30814,"Pipucho "
2817,"Plativolos "
5496,"Plativolos "
31340,"Plativolos "
31341,"Plativolos "
32578,"Plativolos "
32936,"Plativolos "
32937,"Plativolos "
32938,"Plativolos "
33114,"Plativolos "
40944,"Plativolos "
40945,"Plativolos "
43243,"Plativolos "
5709,"Plativolos KC "
31518,"Plativolos KC "
36320,"Plativolos MG "
5423,"Plativolos Tubo "
31484,"Plativolos Tubo "
31485,"Plativolos Tubo "
31766,"Plativolos Tubo "
32369,"Plativolos Tubo "
32370,"Plativolos Tubo "
32371,"Plativolos Tubo "
36749,"Plativolos Tubo "
43073,"Plativolos Tubo "
36340,"Plativolos Tubo MG "
37621,"Pluma "
45231,"Plus Vita Pay Limon "
31506,"Polvoron "
31507,"Polvoron "
31508,"Polvoron "
35025,"Polvoron "
46313,"Polvoron Individual "
36729,"Polvoron Individual MG "
5708,"Polvoron KC "
36321,"Polvoron MG "
5463,"Polvoron Tubo "
43076,"Polvoron Tubo "
30415,"Polvoroncitos Caseros "
30416,"Polvoroncitos Caseros "
30417,"Polvoroncitos Caseros "
30693,"Polvoroncitos Caseros "
30694,"Polvoroncitos Caseros "
31575,"Polvoroncitos Caseros "
35933,"Polvoroncitos Caseros KC "
36198,"Polvoroncitos Panera "
40990,"Polvoroncitos Panera "
44102,"Polvoroncitos Panera "
45143,"Polvoroncitos Panera "
5460,"Polvorones "
30354,"Polvorones "
30355,"Polvorones "
36886,"Polvorones "
43075,"Polvorones "
45321,"Polvorones "
46250,"Polvorones "
32518,"Polvorones Escolar "
31593,"Polvorones Kc "
30315,"Polvorones KC "
31519,"Polvorones KC "
35527,"Polvorones KC "
31513,"Polvorones Tubo "
31514,"Polvorones Tubo "
31516,"Polvorones Tubo "
31769,"Polvorones Tubo "
32372,"Polvorones Tubo "
32373,"Polvorones Tubo "
36748,"Polvorones Tubo "
36949,"Polvorones Tubo "
37001,"Polvorones Tubo "
36335,"Polvorones Tubo MG "
49737,"Powerade Limon "
49738,"Powerade Mora "
30393,"Powerade Naranja "
49739,"Powerade Naranja "
49740,"Powerade Uva "
2230,"Principe "
2816,"Principe "
9302,"Principe "
30531,"Principe "
30532,"Principe "
30533,"Principe "
37228,"Principe "
43230,"Principe "
43242,"Principe "
46148,"Principe "
46162,"Principe "
36323,"Principe Cho Bco MG "
32939,"Principe Choc Bco "
32940,"Principe Choc Bco "
32941,"Principe Choc Bco "
45320,"Principe Chocolate "
48440,"Principe Chocolate "
3230,"Principe Chocolate Blanco "
43249,"Principe Chocolate Blanco "
33004,"Principe Crunch "
33353,"Principe Crunch "
33871,"Principe Crunch "
33872,"Principe Crunch "
37471,"Principe Crunch CA KC "
34904,"Principe Crunch KC "
30543,"Principe Dble Choc "
30544,"Principe Dble Choc "
40445,"Principe Doble Chocolate "
40446,"Principe Doble Chocolate "
5713,"Principe KC "
31520,"Principe KC "
31695,"Principe KC "
35526,"Principe KC "
37272,"Principe Limon "
37232,"Principe mas Navigalleta"
36940,"Principe mas Navigalleta "
36322,"Principe MG "
36333,"Principe MG Crunch "
34348,"Principe Mix "
37281,"Principe Mousse Limon "
37273,"Principe MP "
5470,"Principe Tubo "
31466,"Principe Tubo "
31467,"Principe Tubo "
31767,"Principe Tubo "
32375,"Principe Tubo "
32376,"Principe Tubo "
36746,"Principe Tubo "
36947,"Principe Tubo "
36999,"Principe Tubo "
43077,"Principe Tubo "
36336,"Principe Tubo MG "
49255,"Qubo "
30091,"Raztachoc "
30092,"Raztachoc "
32173,"Raztachoc "
34768,"Raztachoc Vainilla "
34769,"Raztachoc Vainilla "
34770,"Raztachoc Vainilla "
49614,"Raztachoc Vainilla "
1284,"Rebanada "
31277,"Rebanada "
31278,"Rebanada "
31279,"Rebanada "
32393,"Rebanada "
32394,"Rebanada "
32395,"Rebanada "
43207,"Rebanada "
46133,"Rebanada "
36994,"Rebanada Bimbotones "
36995,"Rebanada Bimbotones "
36996,"Rebanada Bimbotones "
37032,"Rebanada Exp Bimbotones "
34868,"Rebanada Sandwich MP "
34869,"Rebanada Sandwich MP "
31730,"Rebanadas "
35805,"Relle Sandwich Fresa "
30973,"Rielito "
31718,"Rielito "
49643,"Rocko "
49653,"Rocko "
5376,"Rocko Tira "
43068,"Rocko Tira "
46238,"Rocko Tira "
36328,"Rocko Tira MG "
30437,"Rocks "
33329,"Rocks "
972,"Roles Canela "
1212,"Roles Canela "
34775,"Roles Canela "
35215,"Roles Canela "
36544,"Roles Canela "
36545,"Roles Canela "
40292,"Roles Canela "
43169,"Roles Canela "
43196,"Roles Canela "
46092,"Roles Canela "
31274,"Roles Canela con Pasas "
35469,"Roles Canela Glaseados "
1216,"Roles Glass "
1687,"Roles Glass "
34776,"Roles Glass "
35217,"Roles Glass "
36547,"Roles Glass "
43197,"Roles Glass "
43220,"Roles Glass "
46122,"Roles Glass "
46139,"Roles Glass "
5345,"Rollo Fresa "
33866,"Rollo Fresa "
43065,"Rollo Fresa "
46234,"Rollo Fresa "
1580,"Rosca de Panque Recet Ori "
43356,"Rosca de Panque Recet Orig "
30626,"Rosca Reyes "
31067,"Roscas Nuez sin Glass "
32341,"Rosquilla Nuez sin Glass "
2261,"Runners "
739,"Saladas "
3510,"Saladas "
3944,"Saladas "
30919,"Saladas "
32589,"Saladas "
32590,"Saladas "
32591,"Saladas "
32815,"Saladas "
32816,"Saladas "
43260,"Saladas "
36329,"Saladas MG "
37627,"Salma "
34187,"Salma Dispenser "
31198,"Salmas "
31199,"Salmas "
31200,"Salmas "
31473,"Salmas "
32015,"Salmas "
32336,"Salmas "
32436,"Salmas "
32894,"Salmas "
33768,"Salmas "
33794,"Salmas "
35095,"Salmas "
36723,"Salmas Azul "
36724,"Salmas Azul y Nopal "
36725,"Salmas Azul y Nopal "
33769,"Salmas Dispenser "
34670,"Salmas Dispenser "
33185,"Salmas Duo "
33286,"Salmas Duo "
31474,"Salmas Maiz Horn "
31524,"Salmas Maiz Horn "
32035,"Salmas Maiz Horn "
32132,"Salmas Maiz Horn "
36722,"Salmas Nopal "
32078,"Salmas y Picadita Corta "
37587,"Salmitas "
37588,"Salmitas "
37618,"Salsa tipo Catsup "
31668,"Sand Bco Jamon sn Chil PPlus "
30584,"Sand Bco Jamon sn Chile "
32224,"Sand Bco Jamon sn Chile "
32491,"Sand Bco Jamon sn Chile "
36400,"Sand Clasico Dob Fibra Cong "
36503,"Sand Clasico Dob Fibra Det "
36441,"Sand Clasico Dob Fibra LT "
36396,"Sand Clasico Jamon Qso Cong "
36440,"Sand Clasico Jamon Qso LT "
36398,"Sand Clasico Multigrano Cong "
36502,"Sand Clasico Multigrano Det "
36442,"Sand Clasico Multigrano LT "
33030,"Sandwich Bco Jamon Cong "
30582,"Sandwich Blanco Jamon "
30900,"Sandwich Blanco Jamon "
32220,"Sandwich Blanco Jamon "
31667,"Sandwich Blanco Jamon PPlus "
42089,"Sandwich Clasico Americano "
42090,"Sandwich Clasico Americano "
45795,"Sandwich Clasico de JamonQueso "
35897,"Sandwich Clasico Deli "
35898,"Sandwich Clasico Deli "
46440,"Sandwich clasico Jamon Queso "
49183,"Sandwich Clasico Jamon Queso "
36118,"Sandwich Clasico Jamon Queso Det "
32223,"Sandwich Doble Fibra "
32492,"Sandwich Doble Fibra "
42083,"Sandwich Doble Fibra "
42084,"Sandwich Doble Fibra "
31669,"Sandwich Doble Fibra PPlus "
30562,"Sandwich Integral "
30904,"Sandwich Integral "
32221,"Sandwich Integral "
32999,"Sandwich Integral Cong "
31670,"Sandwich Integral PPlus "
42086,"Sandwich Linaza "
42087,"Sandwich Linaza "
31799,"Sandwichera Epix Futbol "
33708,"Sandwichera Epix Osito "
4859,"Sandwichon "
6657,"Sandwichon "
47126,"Sandwichon "
7342,"Sandwichon Refrigerado "
44088,"Semita Rediseno "
47124,"Semitas Rediseno "
36706,"Servilletero Bimbollos BIM "
49769,"Sidral Mundet Lata "
30418,"Silueta Fresa "
30419,"Silueta Fresa "
30421,"Silueta Fresa "
30422,"Silueta Fresa "
30423,"Silueta Fresa "
30424,"Silueta Fresa "
36918,"Solecitos "
37622,"Spaghetti Mediano "
34195,"Spina "
31861,"Spirrones "
3894,"Sponch "
35424,"Sponch "
36189,"Sponch "
36448,"Sponch "
40942,"Sponch "
43058,"Sponch "
46189,"Sponch "
5434,"Sponch Fresa "
34542,"Sponch Fresa "
31596,"Sponch Fresa KC "
5711,"Sponch KC "
36324,"Sponch MG "
4189,"Sponch Navidad "
4190,"Sponch Navidad "
43291,"Sponch Navidad "
30187,"Sprite Lata "
46706,"Sprite Lata "
49766,"Sprite Zero Lata "
49724,"Star Gum Fresa "
32635,"Star Gum Mango "
47882,"Star Gum Menta Intensa "
40234,"StarGum Yerbabuena Intensa "
5456,"Suavicremas Chocolate "
30548,"Suavicremas Chocolate "
30549,"Suavicremas Chocolate "
30550,"Suavicremas Chocolate "
31579,"Suavicremas Chocolate "
31580,"Suavicremas Chocolate "
31581,"Suavicremas Chocolate "
31582,"Suavicremas Chocolate "
31779,"Suavicremas Chocolate "
31784,"Suavicremas Chocolate "
34553,"Suavicremas Chocolate "
34554,"Suavicremas Chocolate "
36304,"Suavicremas Chocolate "
41986,"Suavicremas Chocolate "
42386,"Suavicremas Chocolate "
43079,"Suavicremas Chocolate "
43290,"Suavicremas Chocolate "
37468,"Suavicremas Chocolate CA "
5714,"Suavicremas Chocolate KC "
36325,"Suavicremas Chocolate MG "
36601,"Suavicremas Chocolate MG "
35973,"Suavicremas Chocolate Nuevo KC "
5454,"Suavicremas Fresa "
30551,"Suavicremas Fresa "
30552,"Suavicremas Fresa "
30553,"Suavicremas Fresa "
31583,"Suavicremas Fresa "
31584,"Suavicremas Fresa "
31585,"Suavicremas Fresa "
31586,"Suavicremas Fresa "
31782,"Suavicremas Fresa "
31783,"Suavicremas Fresa "
34547,"Suavicremas Fresa "
34548,"Suavicremas Fresa "
36298,"Suavicremas Fresa "
41987,"Suavicremas Fresa "
42388,"Suavicremas Fresa "
43078,"Suavicremas Fresa "
5718,"Suavicremas Fresa KC "
36343,"Suavicremas Fresa MG "
36600,"Suavicremas Fresa MG "
35974,"Suavicremas Fresa Nuevo KC "
1949,"Suavicremas Napolitano KC "
5453,"Suavicremas Vainilla "
30554,"Suavicremas Vainilla "
30555,"Suavicremas Vainilla "
30556,"Suavicremas Vainilla "
31587,"Suavicremas Vainilla "
31588,"Suavicremas Vainilla "
31589,"Suavicremas Vainilla "
31590,"Suavicremas Vainilla "
31780,"Suavicremas Vainilla "
31781,"Suavicremas Vainilla "
34550,"Suavicremas Vainilla "
34551,"Suavicremas Vainilla "
36301,"Suavicremas Vainilla "
41988,"Suavicremas Vainilla "
42390,"Suavicremas Vainilla "
43124,"Suavicremas Vainilla "
43288,"Suavicremas Vainilla "
37469,"Suavicremas Vainilla CA "
5717,"Suavicremas Vainilla KC "
36342,"Suavicremas Vainilla MG "
36602,"Suavicremas Vainilla MG "
35975,"Suavicremas Vainilla Nuevo KC "
31083,"Submarinos Chocolat "
5621,"Submarinos Chocolate "
30009,"Submarinos Chocolate "
30010,"Submarinos Chocolate "
43084,"Submarinos Chocolate "
46256,"Submarinos Chocolate "
5337,"Submarinos Fresa "
30011,"Submarinos Fresa "
30012,"Submarinos Fresa "
30954,"Submarinos Fresa "
31080,"Submarinos Fresa "
43064,"Submarinos Fresa "
46232,"Submarinos Fresa "
34018,"Submarinos Fresa Escolar "
5328,"Submarinos Vainilla "
30014,"Submarinos Vainilla "
30015,"Submarinos Vainilla "
31082,"Submarinos Vainilla "
43316,"Submarinos Vainilla "
46231,"Submarinos Vainilla "
34020,"Submarinos Vainilla Escolar "
34021,"Submarinos Vainilla Escolar "
33175,"Submarinos Zarzamoras Crema "
123,"Super Bollos "
34794,"Super Bollos "
40920,"Super Bollos "
40974,"Super Bollos "
43134,"Super Bollos "
46072,"Super Bollos "
32637,"Super Bollos Grill "
145,"Super Hot Dogs "
4820,"Super Hot Dogs "
35842,"Super Hot Dogs "
43335,"Super Hot Dogs "
43361,"Super Hot Dogs "
46076,"Super Hot Dogs "
46224,"Super Hot Dogs "
36742,"Super Hotdog Fast Food "
45182,"Super Hotdog Fast Food "
45183,"Super Hotdog Fast Food "
35713,"Super Hotdog Fast Food BK "
100,"Super Pan Bco Ajonjoli "
35232,"Super Pan Bco Ajonjoli "
35233,"Super Pan Bco Ajonjoli "
43381,"Super Pan Bco Ajonjoli "
46067,"Super Pan Bco Ajonjoli "
1112,"Super Pan Blanco "
3621,"Super Pan Blanco "
34210,"Super Pan Blanco "
35595,"Super Pan Blanco "
43176,"Super Pan Blanco "
44179,"Super Pan Blanco "
46098,"Super Pan Blanco "
35141,"Super Pan Blanco Ajonjoli "
35142,"Super Pan Blanco Ajonjoli "
35143,"Super Pan Blanco Ajonjoli "
48266,"SuperBollos "
48861,"SuperBollos "
48003,"Surtido "
48040,"Surtido "
33426,"Surtido Besos "
33853,"Surtido Fina Variedad "
48000,"Surtido Fino "
48002,"Surtido Fino "
48312,"Surtido GV "
33429,"Surtido Mini Orejitas "
33647,"Surtido Orejitas "
33244,"Surtido Rico "
45007,"Surtido Rico "
45480,"Surtido Rico "
48001,"Surtido Rico "
48955,"Surtido Rico "
33245,"Surtido Rico Kc "
33246,"Surtido Rico Kc "
1348,"Surtido Rico KC "
30827,"Surtido Tartaletas Golden Hills "
6437,"Takis Fajitas "
30111,"Takis Fajitas "
30110,"Takis Fuego "
42453,"Takis Fuego "
42672,"Takis Fuego "
6555,"Takis Salsa Brava "
30112,"Takis Salsa Brava "
36687,"Tarima Galletero Navideno "
37157,"Tarima MiniMilk Kitty"
37373,"Tarima MiniMilk Kitty"
36659,"Tarima Twin Pack Thins Multig CU ORO "
37641,"Tartaleta Fresa "
33432,"Tartaletas Fresa y Durazno "
48314,"Tartaletas GV "
48297,"Tartaletas Pina Granel Cons "
34403,"Tartina Zarzamora "
30214,"Tartinas Fresa "
30249,"Tartinas Fresa "
30250,"Tartinas Fresa "
30971,"Tartinas Fresa "
31005,"Tartinas Fresa "
32428,"Tartinas Fresa "
35182,"Tartinas Fresa "
35183,"Tartinas Fresa "
35412,"Tartinas Fresa "
35413,"Tartinas Fresa "
37150,"Tartinas Fresa "
35935,"Tartinas Fresa KC "
35936,"Tartinas Fresa KC "
35937,"Tartinas Fresa KC "
36726,"Tartinas Fresa MG "
30215,"Tartinas Pina "
30251,"Tartinas Pina "
30252,"Tartinas Pina "
30972,"Tartinas Pina "
31006,"Tartinas Pina "
35185,"Tartinas Pina "
35186,"Tartinas Pina "
37173,"Tartinas Pina "
36763,"Tartinas Pina MG "
31031,"Tartinas Zarzamora "
31032,"Tartinas Zarzamora "
31033,"Tartinas Zarzamora "
34737,"Tartinas Zarzamora "
34738,"Tartinas Zarzamora "
35179,"Tartinas Zarzamora "
35180,"Tartinas Zarzamora "
37175,"Tartinas Zarzamora "
36764,"Tartinas Zarzamora MG "
37617,"Te Hierbabuena "
37616,"Te Manzanilla "
31499,"Thins Fibra Granos Enteros "
31500,"Thins Fibra Granos Enteros "
32886,"Thins Fibra Granos Enteros "
36852,"Thins Fibra Granos Enteros "
32804,"Thins Granos Enteros "
32668,"Thins GranosSelecTrigosDor "
31497,"Thins Multigrano "
31498,"Thins Multigrano "
32885,"Thins Multigrano "
36851,"Thins Multigrano "
37374,"Tira Mixta Galletas "
32817,"Tiras para Sopa "
35924,"Tiras para Sopa "
36673,"Torti Hna Rec Casera "
30772,"Tortilla "
48551,"Tortilla "
1700,"Tortilla Consumos "
36410,"Tortilla Consumos "
36524,"Tortilla Consumos "
48091,"Tortilla Consumos "
36212,"Tortilla de Maiz "
32838,"Tortilla Granos Enteros "
33068,"Tortilla Granos Enteros "
33370,"Tortilla Harina "
35831,"Tortilla Harina "
35955,"Tortilla Harina "
37667,"Tortilla Harina "
30227,"Tortilla Harina Casera "
31147,"Tortilla Harina Casera "
33192,"Tortilla Harina FSL "
33196,"Tortilla Harina FSL SP "
43178,"Tortilla Harina Gde RN "
37441,"Tortilla Harina MP "
34433,"Tortilla Harina Mty "
36290,"Tortilla Harina TiMex "
36844,"Tortilla Harina TiMex "
32323,"Tortilla Harina Trigo "
1134,"Tortilla Hna "
3606,"Tortilla Hna "
4109,"Tortilla Hna "
8874,"Tortilla Hna "
34301,"Tortilla Hna "
34302,"Tortilla Hna "
34983,"Tortilla Hna "
34984,"Tortilla Hna "
36278,"Tortilla Hna "
47957,"Tortilla Hna "
47958,"Tortilla Hna "
32841,"Tortilla Hna Chihuahua "
34089,"Tortilla Hna Chihuahua "
31170,"Tortilla Hna Hermosi "
32408,"Tortilla Hna Hermosi "
32409,"Tortilla Hna Hermosi "
32749,"Tortilla Hna Hermosi "
36671,"Tortilla Hna Hermosillo "
37590,"Tortilla Hna Hermosillo "
37350,"Tortilla Hna Monterrey "
37352,"Tortilla Hna Monterrey "
32311,"Tortilla Hna Mty "
32322,"Tortilla Hna RB "
32420,"Tortilla Hna RB "
32421,"Tortilla Hna RB "
35438,"Tortilla Hna RB "
47840,"Tortilla Hna RB "
37359,"Tortilla Hna RC "
8921,"Tortilla Hna RC Gdl "
8940,"Tortilla Hna RC SLP "
37589,"Tortilla Hna RC SLP "
43183,"Tortilla Hna RW "
46104,"Tortilla Hna RW "
6420,"Tortilla Nachos "
34299,"Tortilla Precocida "
37241,"Tortilla Taquera Herm "
37242,"Tortilla Taquera Herm "
4118,"Tortillas Bolsa "
1702,"Tortillas Consumos "
31847,"Tortillas de Harina "
36287,"Tortillas de Harina "
32353,"Tortillas de Harina SP "
33188,"Tortillas de Harina SP "
31771,"Tortillas de Maiz "
31778,"Tortillas de Maiz "
32802,"Tortillas de Maiz "
35074,"Tortillas de Maiz RM "
183,"Tortillas Harina "
1686,"Tortillas Harina "
48121,"Tortillas Harina "
48912,"Tortillas Harina "
34050,"Tortillas Harina Burreras "
36092,"Tortillas Mty "
35727,"Tortillina "
35728,"Tortillina "
35729,"Tortillina "
36709,"Tortillina Hna RW Hermo "
42237,"Tortillina Hna RW Hermo "
36710,"Tortillina Hna RW HermSP "
49519,"Tortillina Hna RW HermSP "
48567,"Tortillina Light "
42470,"Tortillina Taquera de "
48689,"Tortillina Taquera de "
1124,"Tortillinas "
1125,"Tortillinas "
1129,"Tortillinas "
1156,"Tortillinas "
30370,"Tortillinas "
30371,"Tortillinas "
30372,"Tortillinas "
30505,"Tortillinas "
30506,"Tortillinas "
30507,"Tortillinas "
35722,"Tortillinas "
37639,"Tortillinas "
40447,"Tortillinas "
40448,"Tortillinas "
40449,"Tortillinas "
40450,"Tortillinas "
40606,"Tortillinas "
41830,"Tortillinas "
41935,"Tortillinas "
42110,"Tortillinas "
43179,"Tortillinas "
43181,"Tortillinas "
43348,"Tortillinas "
46100,"Tortillinas "
46102,"Tortillinas "
46113,"Tortillinas "
47661,"Tortillinas "
47662,"Tortillinas "
48996,"Tortillinas "
49027,"Tortillinas "
49028,"Tortillinas "
49489,"Tortillinas "
49492,"Tortillinas "
49495,"Tortillinas "
49779,"Tortillinas "
49781,"Tortillinas "
49782,"Tortillinas "
30413,"Tortillinas Burreras "
46103,"Tortillinas Gde "
1101,"Tortillinas Gde McD "
1126,"Tortillinas Grande "
43180,"Tortillinas Grande "
46101,"Tortillinas Grande "
31403,"Tortillinas Grano Entero "
41829,"Tortillinas Taquera "
6645,"Tortinachos "
31977,"Tost Maiz Clasic mas Salmas "
32334,"Tost Maiz Nopal sn Grasa "
32335,"Tost Maiz Nopal sn Grasa "
32426,"Tostachos Monchis "
35807,"Tostachos Monchis "
34355,"Tostachos Queso "
6476,"Tostachos Queso CB"
31188,"Tostada Briobalance "
31184,"Tostada Clasica "
31186,"Tostada Clasica "
31187,"Tostada Clasica "
32026,"Tostada Clasica "
32027,"Tostada Clasica "
32465,"Tostada Clasica "
34747,"Tostada Clasica "
32942,"Tostada Clasica DIF "
30746,"Tostada Kodyz "
34891,"Tostada Kodyz "
31203,"Tostada Maiz "
33011,"Tostada Maiz Azul "
31207,"Tostada Maiz Horneadas "
35737,"Tostada Maiz Horneadas mas Sals "
35738,"Tostada Maiz Horneadas mas Sals "
3160,"Tostada Ond Roja Tubo "
30194,"Tostada Ond Roja Tubo "
34892,"Tostada Ond Roja Tubo "
897,"Tostada Ond Tubo "
4773,"Tostada Ond Tubo "
36873,"Tostada Ond Tubo "
815,"Tostada Ondulada Reg "
6085,"Tostada Ondulada Reg "
37024,"Tostada Ondulada Reg "
46090,"Tostada Ondulada Reg "
48216,"Tostada Ondulada Reg "
2665,"Tostada Ondulada Tubo "
4385,"Tostada Ondulada Tubo "
4477,"Tostada Ondulada Tubo "
5707,"Tostada Ondulada Tubo "
30195,"Tostada Ondulada Tubo "
32263,"Tostada Ondulada Tubo "
34255,"Tostada Ondulada Tubo "
34256,"Tostada Ondulada Tubo "
35598,"Tostada Ondulada Tubo "
36250,"Tostada Ondulada Tubo "
36809,"Tostada Ondulada Tubo "
36951,"Tostada Ondulada Tubo "
47625,"Tostada Ondulada Tubo "
48960,"Tostada Ondulada Tubo "
48961,"Tostada Ondulada Tubo "
31192,"Tostada Picadita Corta "
31197,"Tostada Picadita Grande "
32472,"Tostada Picadita Grande "
31194,"Tostada Picadita Mediana "
693,"Tostada Plana "
1147,"Tostada Plana "
34257,"Tostada Plana "
43159,"Tostada Plana "
46088,"Tostada Plana "
48582,"Tostada Plana "
1148,"Tostada Plana de Maiz "
3970,"Tostada Plana de Maiz "
46110,"Tostada Plana de Maiz "
30749,"Tostada Roja "
35599,"Tostada Roja "
890,"Tostada Tubo "
31189,"Tostadita Corta "
31190,"Tostadita Corta "
31191,"Tostadita Mediana "
40747,"Tostadita Ondulada "
1180,"Tostado "
1182,"Tostado "
1198,"Tostado "
30302,"Tostado "
30374,"Tostado "
30375,"Tostado "
30376,"Tostado "
32053,"Tostado "
34208,"Tostado "
34933,"Tostado "
43194,"Tostado "
43349,"Tostado "
46117,"Tostado "
46120,"Tostado "
3030,"Tostado Blanco "
43389,"Tostado Blanco "
49986,"Tostado Blanco "
49988,"Tostado Blanco "
49989,"Tostado Blanco "
1233,"Tostado Doble Fibra "
4767,"Tostado Doble Fibra "
35572,"Tostado Doble Fibra "
43014,"Tostado Doble Fibra "
46126,"Tostado Doble Fibra "
179,"Tostado Int "
43139,"Tostado Int "
49994,"Tostado Int "
49996,"Tostado Int "
49997,"Tostado Int "
98,"Tostado Integral "
112,"Tostado Integral "
31307,"Tostado Integral "
31502,"Tostado Integral "
31504,"Tostado Integral "
31690,"Tostado Integral "
36907,"Tostado Integral "
43133,"Tostado Integral "
49990,"Tostado Integral "
49992,"Tostado Integral "
49993,"Tostado Integral "
30305,"Tostado Resellable "
30306,"Tostado Resellable "
35295,"Tostado Resellable "
48274,"Totopo "
34258,"Totopo Chilaquiles "
35614,"Totopo Chilaquiles "
40290,"Totopo Chilaquiles "
45141,"Totopo Chilaquiles "
48076,"Totopo Chilaquiles "
48077,"Totopo Chilaquiles "
48078,"Totopo Chilaquiles "
48373,"Totopo Chilaquiles "
48374,"Totopo Chilaquiles "
48876,"Totopo Chilaquiles "
49185,"Totopo Chilaquiles "
49810,"Totopo Chilaquiles "
30957,"Totopo Chipotle "
40351,"Totopo Redondo "
1876,"Totopos "
6469,"Totopos "
34914,"Totopos "
44829,"Totopos "
45299,"Totopos "
46263,"Totopos "
48217,"Totopos "
48874,"Totopos "
33381,"Totopos de Maiz "
33382,"Totopos de Maiz "
48742,"Totopos Fiesta "
36193,"Totopos Prueba "
6700,"Totopos Redondo "
34913,"Totopos Redondo "
43097,"Totopos Redondo "
49754,"Totopos Redondos "
30100,"Trailer "
36131,"Tri Pack Bran Frut Avena "
35051,"Tri Pack Gansito "
35052,"Tri Pack Gansito "
35053,"Tri Pack Gansito "
32168,"Triki Chispas "
33043,"Triki Chispas "
33297,"Triki Chispas "
33298,"Triki Chispas "
33822,"Triki Chispas "
33841,"Triki Chispas "
35711,"Triki Intenso "
35783,"Triki Intenso "
35784,"Triki Intenso "
35785,"Triki Intenso "
35840,"Triki Intenso "
35841,"Triki Intenso "
35862,"Triki Intenso "
36690,"Triki Intenso MG "
33204,"Triki Trake Choc Tub "
33205,"Triki Trake Choc Tub "
32382,"Triki Trake Choc Tubo "
4085,"Triki Trakes "
5430,"Triki Trakes "
5576,"Triki Trakes "
36529,"Triki Trakes "
40929,"Triki Trakes "
40930,"Triki Trakes "
40931,"Triki Trakes "
43033,"Triki Trakes "
43074,"Triki Trakes "
45313,"Triki Trakes "
46197,"Triki Trakes "
46246,"Triki Trakes "
5015,"Triki Trakes Chocolate "
43319,"Triki Trakes Chocolate "
46229,"Triki Trakes Chocolate "
41758,"Triki Trakes Chocolate Tubo "
34087,"Triki Trakes Escolar "
5712,"Triki Trakes KC "
31594,"Triki Trakes KC "
35525,"Triki Trakes KC "
36334,"Triki Trakes MG "
37379,"Triki Trakes MG "
35972,"Triki Trakes Nuevo KC "
5422,"Triki Trakes Tubo "
31470,"Triki Trakes Tubo "
31471,"Triki Trakes Tubo "
31770,"Triki Trakes Tubo "
32378,"Triki Trakes Tubo "
32379,"Triki Trakes Tubo "
36747,"Triki Trakes Tubo "
36948,"Triki Trakes Tubo "
37000,"Triki Trakes Tubo "
43072,"Triki Trakes Tubo "
36337,"Triki Trakes Tubo MG "
31476,"Tripack Clasica "
36344,"Tripack Mini Submarinos Fsa "
36345,"Tripack Mini Submarinos Fsa "
36346,"Tripack Mini Submarinos Fsa "
32441,"Tripack Tostada Clasica "
32931,"Tubix "
32639,"Tubo Galleta Gansito "
32640,"Tubo Galleta Gansito "
32641,"Tubo Galleta Gansito "
32932,"Tubo Galleta Gansito "
37470,"Tubo Galleta Gansito CA "
36341,"Tubo Galleta Gansito MG "
36223,"TuinKids Naranja "
36224,"TuinKids Naranja "
321,"Tuinky Chocolate "
323,"Tuinky Chocolate "
36096,"Tuinky Chocolate "
36158,"Tuinky Chocolate "
36159,"Tuinky Chocolate "
48117,"Tuinky Chocolate "
322,"Tuinky Fresas con Crema "
30723,"Tuinky Fresas con Crema "
328,"Tuinky Fresas Crema "
48119,"Tuinky Fresas Crema "
325,"Tuinky Vainilla "
48118,"Tuinky Vainilla "
36288,"Twin Pack Thins Multig "
36289,"Twin Pack Thins Multig "
36261,"Twinkies Vainilla "
36262,"Twinkies Vainilla "
36274,"Twinkies Vainilla "
36275,"Twinkies Vainilla "
35406,"Two Pack Classicas AvellanaFsa "
45419,"Unico Fresco Naranja "
42117,"Valentones "
2575,"Vasos "
2589,"Vidrio Congelado "
9753,"Whole Wheat"
43111,"Whole Wheat"
106,"Wonder "
107,"Wonder "
2290,"Wonder "
4468,"Wonder "
30599,"Wonder "
35144,"Wonder "
35145,"Wonder "
35146,"Wonder "
35147,"Wonder "
35148,"Wonder "
35149,"Wonder "
35235,"Wonder "
35843,"Wonder "
36936,"Wonder "
43131,"Wonder "
43306,"Wonder "
43339,"Wonder "
43359,"Wonder "
46068,"Wonder "
46070,"Wonder "
46209,"Wonder "
49892,"Wonder "
44552,"Wonderbutter "
